title,artist,genre,valence,arousal,bow,lyrics
The Wind Blows,The All-American Rejects,Pop_Rock,-0.738470814392,0.25551961524,"['i', 'i', 'i', 'i', 'i', 'i', 'i', 'i', 'the', 'the', 'the', 'the', 'the', 'the', 'the', 'the', 'the', 'you', 'you', 'you', 'you', 'you', 'you', 'you', 'you', 'you', 'you', 'you', 'you', 'you', 'you', 'you', 'you', 'you', 'you', 'to', 'to', 'to', 'to', 'to', 'to', 'to', 'to', 'to', 'and', 'and', 'and', 'and', 'and', 'and', 'and', 'and', 'a', 'a', 'a', 'a', 'a', 'a', 'me', 'me', 'me', 'me', 'me', 'me', 'me', 'me', 'me', 'it', 'it', 'it', 'it', 'in', 'is', 'of', 'of', 'of', 'of', 'of', 'of', 'your', 'your', 'your', 'your', 'your', 'your', 'your', 'that', 'that', 'that', 'that', 'that', 'that', 'do', 'do', 'on', 'on', 'are', 'are', 'we', 'we', 'will', 'all', 'all', 'all', 'be', 'be', 'be', 'be', 'be', 'love', 'love', 'so', 'so', 'know', 'know', 'but', 'but', 'but', 'but', 'but', 'but', 'just', 'just', 'just', 'when', 'when', 'when', 'when', 'when', 'when', 'when', 'when', 'when', 'time', 'time', 'can', 'can', 'can', 'can', 'can', 'come', 'there', 'there', 'there', 'there', 'there', 'there', 'go', 'go', 'go', 'go', 'go', 'go', 'go', 'go', 'up', 'oh', 'was', 'was', 'see', 'see', 'got', 'got', 'never', 'from', 'from', 'feel', 'let', 'let', 'say', 'say', 'take', 'take', 'take', 'take', 'take', 'as', 'day', 'away', 'by', 'by', 'by', 'night', 'our', 'thing', 'caus', 'through', 'through', 'wanna', 'wanna', 'find', 'then', 'everi', 'wait', 'wait', 'leav', 'leav', 'leav', 'leav', 'leav', 'leav', 'leav', 'leav', 'home', 'had', 'walk', 'ever', 'ever', 'face', 'stay', 'stay', 'left', 'new', 'play', 'thought', 'should', 'chorus', 'chorus', 'chorus', 'boy', 'mine', 'someon', 'someon', 'rememb', 'breath', 'breath', 'breath', 'breath', 'breath', 'togeth', 'ask', 'ask', 'wind', 'wind', 'wind', 'wind', 'wind', 'wind', 'wind', 'told', 'goe', 'goe', 'goe', 'pass', 'pass', 'pass', 'pass', 'pass', 'pass', 'late', 'late', 'blind', 'lay', 'scream', 'scream', 'final', 'final', 'shake', 'sad', 'sad', 'blow', 'blow', 'blow', 'blow', 'blow', 'blow', 'blow', 'veri', 'slow', 'slow', 'slow', 'sinc', 'sign', 'window', 'window', 'window', 'window', 'window', 'outsid', 'outsid', 'outsid', 'outsid', 'outsid', 'worth', 'everywher', 'suppos', 'echo', 'echo', 'threw', 'imposs', 'imposs', 'solitud', 'hardest']","I've got to breathe
You can't take that from me
'Cause it's all that you left that's mine
You had to leave
And that's all I can see
But you told me your love was blind

There are times
You're so impossible that I should sign a waiver
And you will find
Someone worth walking on when you ask me to go

I'll leave when the wind blows
Take a breath there your heart goes
I'll be outside of your window
I'll pass by but I'll go slow
I'll leave when the wind blows

There was a day
You threw our love away
Then you passed it to someone new
You wanna stay
But since you wanna play
I can finally say we're through

There are times
You're so impossible and you ask me to go

I'll leave when the wind blows
Take a breath there your heart goes
I'll be outside of your window
I'll pass by but I'll go slow
I'll leave when the wind blows

You can scream there's just echoes
Pass outside of your window
You'll be sad that you let me go
I'll leave but just know

As I lay in solitude
Oh, what's a boy supposed to do?
I shake the very thought of you
Me together, I remember
Late nights when I stayed up late
All I do is wait and wait
You're never coming home to me
That's the hardest thing to see

I got to breathe
You can't take that from me
I can finally say we're through

I'll leave when the wind blows
Take a breath there your heart goes
I'll be outside of your window
I'll pass by but I'll go slow
I'll leave when the wind blows

You can scream, there's just echoes
Pass outside of your window
You'll be sad that you let me go
On every face you'll ever know
And everywhere you ever go
You'll feel when the wind blows"
Cold,Annie Lennox,Pop_Rock,0.909991610338,-0.348521467245,"['i', 'i', 'i', 'i', 'i', 'i', 'i', 'i', 'i', 'i', 'i', 'i', 'the', 'the', 'the', 'the', 'the', 'the', 'the', 'the', 'the', 'the', 'the', 'the', 'the', 'the', 'you', 'you', 'you', 'you', 'you', 'you', 'you', 'you', 'you', 'to', 'to', 'to', 'to', 'to', 'to', 'to', 'and', 'and', 'and', 'a', 'me', 'me', 'me', 'me', 'me', 'me', 'me', 'me', 'me', 'it', 'it', 'it', 'not', 'not', 'not', 'not', 'not', 'not', 'in', 'in', 'in', 'in', 'is', 'is', 'is', 'is', 'is', 'is', 'of', 'of', 'of', 'of', 'of', 'of', 'of', 'of', 'your', 'your', 'your', 'your', 'that', 'that', 'that', 'that', 'that', 'that', 'do', 'do', 'do', 'do', 'do', 'do', 'on', 'on', 'on', 'are', 'are', 'we', 'for', 'for', 'for', 'for', 'for', 'be', 'be', 'be', 'have', 'love', 'love', 'so', 'know', 'know', 'but', 'but', 'with', 'with', 'with', 'just', 'now', 'now', 'now', 'now', 'time', 'can', 'come', 'come', 'come', 'come', 'get', 'from', 'from', 'from', 'want', 'want', 'want', 'want', 'let', 'let', 'let', 'way', 'take', 'take', 'babi', 'babi', 'yeah', 'yeah', 'heart', 'how', 'could', 'eye', 'eye', 'thing', 'thing', 'more', 'die', 'right', 'tell', 'live', 'live', 'onli', 'still', 'us', 'us', 'us', 'us', 'fall', 'fall', 'noth', 'hold', 'run', 'hear', 'everyth', 'has', 'insid', 'god', 'start', 'sky', 'sky', 'blue', 'tear', 'those', 'breath', 'cold', 'cold', 'cold', 'cold', 'cold', 'cold', 'cold', 'cold', 'cold', 'cold', 'cold', 'cold', 'cold', 'cold', 'cold', 'cold', 'cold', 'cold', 'cold', 'cold', 'done', 'sound', 'heaven', 'heaven', 'death', 'may', 'under', 'under', 'easi', 'past', 'apart', 'catch', 'catch', 'belong', 'slip', 'scare', 'winter', 'exist', 'glass', 'ice', 'less', 'ohh', 'given', 'tender', 'wrap', 'swim', 'swim', 'colour', 'colour', 'paid', 'frozen', 'possess', 'dive', 'dive', 'crystal', 'crystal', 'shiver', 'pool', 'pool', 'content', 'ribbon', 'ohhhh', 'glitter']","Come to me
Run to me
Do and be done with me
Cold, cold, cold
Don't I exist for you?
Don't I still live for you?
Cold, cold, cold

Everything I possess
Given with tenderness
Wrapped in a ribbon of glass
Time it may take us but God only knows
How I've paid for those things in the past

Dying is easy it's living that scares me to death ooh yeah
I could be so content hearing the sound of your breath ooh yeah
Cold is the colour of crystal the snowlight
That falls from the heavenly skies
Catch me and let me dive under
For I want to swim in the pools of your eyes

I want to be with you baby
Oh oh slip me inside of your heart
Don't I belong to you baby?
Don't you know that nothing can tear us apart?
Come on now, come on now, come on now
Telling you that
I loved you right from the start
But the more I want you the less I get
Ain't that just the way things are? Ooh ooh

Winter has frozen us
Let love take hold of us
(Cold cold cold)
Now we are shivering
Blue ice is glittering
(Cold cold cold)

Cold is the colour of crystal the snowlight
That falls from the heavenly skies
Catch me and let me dive under
For I want to swim in the pools of your eyes

Don't you know it's
Cold, cold, cold
Cold, cold cold
Cold, cold, cold
Ooh ooh ooh
Ooh ooh ooh
Yeah!"
Goodbye,Asobi Seksu,Pop_Rock,1.11374291745,0.785372512445,"['i', 'i', 'i', 'i', 'i', 'i', 'i', 'i', 'i', 'i', 'i', 'i', 'i', 'i', 'i', 'i', 'i', 'i', 'i', 'i', 'i', 'i', 'i', 'i', 'i', 'i', 'the', 'the', 'you', 'you', 'you', 'you', 'you', 'to', 'to', 'to', 'to', 'to', 'and', 'and', 'and', 'and', 'and', 'and', 'and', 'and', 'and', 'and', 'a', 'me', 'me', 'me', 'me', 'me', 'me', 'me', 'it', 'it', 'it', 'it', 'it', 'it', 'it', 'it', 'it', 'it', 'it', 'it', 'it', 'it', 'it', 'it', 'it', 'not', 'not', 'not', 'not', 'not', 'not', 'not', 'not', 'not', 'in', 'in', 'in', 'in', 'my', 'is', 'is', 'is', 'is', 'is', 'is', 'is', 'is', 'is', 'is', 'your', 'that', 'that', 'that', 'that', 'that', 'that', 'that', 'that', 'that', 'do', 'on', 'are', 'we', 'we', 'we', 'we', 'we', 'we', 'we', 'we', 'we', 'am', 'am', 'am', 'will', 'all', 'all', 'all', 'all', 'all', 'all', 'for', 'for', 'for', 'for', 'no', 'no', 'no', 'no', 'have', 'have', 'have', 'have', 'have', 'have', 'have', 'so', 'so', 'so', 'so', 'so', 'this', 'this', 'this', 'this', 'this', 'this', 'this', 'this', 'this', 'this', 'this', 'this', 'but', 'but', 'with', 'with', 'with', 'with', 'just', 'just', 'just', 'now', 'now', 'now', 'now', 'now', 'now', 'time', 'time', 'time', 'time', 'time', 'time', 'time', 'there', 'one', 'see', 'from', 'from', 'want', 'want', 'want', 'want', 'make', 'make', 'make', 'make', 'way', 'say', 'take', 'as', 'ca', 'ca', 'ca', 'ca', 'ca', 'at', 'heart', 'here', 'here', 'here', 'here', 'how', 'how', 'how', 'how', 'how', 'need', 'gonna', 'right', 'been', 'been', 'been', 'think', 'think', 'think', 'think', 'think', 'think', 'give', 'tri', 'tri', 'tri', 'tri', 'tri', 'tri', 'tri', 'whi', 'keep', 'long', 'long', 'long', 'long', 'find', 'good', 'over', 'over', 'over', 'over', 'hand', 'hand', 'hand', 'hand', 'said', 'said', 'said', 'said', 'alway', 'into', 'hold', 'face', 'face', 'face', 'face', 'has', 'someth', 'better', 'should', 'hard', 'hard', 'hard', 'hard', 'care', 'hope', 'free', 'dark', 'far', 'myself', 'kill', 'kill', 'kill', 'kill', 'save', 'save', 'set', 'set', 'set', 'set', 'set', 'goodby', 'goodby', 'goodby', 'goodby', 'goodby', 'reason', 'matter', 'matter', 'matter', 'matter', 'air', 'blind', 'reach', 'final', 'clear', 'great', 'bleed', 'quit', 'treat', 'wound', 'bow', 'thin', 'grown', 'weari', 'doom', 'obvious']","Just try and give me one good reason
Why I should care at all right now
I've grown weary from your treasons
I think I'm gonna take my bow
I think it is a great injustice
The way that you've been treating me
All this time it has been so clear
But I've been far to blind to see

That this is killing me
And we can't make it
No matter how hard we try
Here I set with face in hands
I've wanted this for so long
And it's all over now
I think it's time that I said goodbye

It's now quite obvious that we're doomed
How I'm bleeding from this heart wound
You better hope that you don't need me
I'm finally setting myself free

This is killing me
And we can't make it
No matter how hard we try
Here I set with face in hands
I've wanted this for so long
And it's all over now
I think it's time that I said goodbye

I can't keep holding on
To something that's not there
Reaching into the dark
And finding just thin air
You always try to save it
Just as I say goodbye
You'll try to save it
But not this time, not this time

This is killing me
And we can't make it
No matter how hard we try
Here I set with face in hands
I've wanted this for so long
And it's all over now
I think it's time that I said goodbye

This is killing me
And we can't make it
No matter how hard we try
Here I set with face in hands
I've wanted this for so long
And it's all over now
I think it's time that I said goodbye"
Infinite Arms,Band Of Horses,Pop_Rock,-1.04019947199,-0.0658161931725,"['i', 'i', 'i', 'i', 'i', 'i', 'i', 'i', 'i', 'i', 'the', 'the', 'the', 'the', 'the', 'you', 'you', 'you', 'to', 'to', 'to', 'to', 'to', 'to', 'to', 'to', 'to', 'to', 'and', 'and', 'and', 'a', 'a', 'a', 'a', 'a', 'me', 'me', 'me', 'it', 'not', 'not', 'in', 'my', 'my', 'my', 'my', 'my', 'my', 'is', 'is', 'of', 'your', 'that', 'on', 'have', 'have', 'love', 'so', 'so', 'when', 'when', 'when', 'like', 'like', 'now', 'come', 'come', 'there', 'there', 'there', 'out', 'was', 'was', 'was', 'see', 'got', 'got', 'here', 'thing', 'think', 'live', 'give', 'or', 'dream', 'dream', 'an', 'about', 'littl', 'then', 'did', 'had', 'had', 'ever', 'everyth', 'someth', 'someth', 'befor', 'befor', 'god', 'god', 'these', 'friend', 'thought', 'thought', 'thought', 'realli', 'other', 'other', 'came', 'listen', 'lone', 'morn', 'hurt', 'sea', 'control', 'drink', 'bone', 'storm', 'feed', 'slowli', 'twist', 'famili', 'beg', 'drift', 'drift', 'drift', 'below', 'figur', 'warn', 'anim', 'movi', 'birth', 'lack', 'mend', 'neighbor', 'approach', 'plot']","I had a dream
I had a dream
That I was your neighbor
About to give birth
And then everything
Was really hurt
And I was so lonely
I didn't see It's like
Living in a movie
Twisting the plot
My friends and family
The little things I've got, I've got

When my thoughts drift to you

I love the morning
I like to listen
To 4am birdies
Begging to feed
Now there's something here before me
A figure, I think
Isn't there a warning
Or something to drink
My god, my god

When my thoughts drift to you

These mended bones
The storms approach
Ever so slowly
Out on the sea
There's an animal below me
Lack of control
Others came before me
Others to come, to come
When my thoughts drift to you"
99 Red Balloons,Goldfinger,Pop_Rock,1.17832480497,1.18331091453,"['i', 'i', 'i', 'i', 'i', 'the', 'the', 'the', 'the', 'the', 'the', 'the', 'the', 'the', 'the', 'the', 'the', 'the', 'you', 'you', 'to', 'to', 'to', 'and', 'and', 'and', 'and', 'and', 'and', 'a', 'a', 'a', 'a', 'a', 'a', 'a', 'it', 'it', 'it', 'it', 'it', 'it', 'it', 'it', 'in', 'in', 'in', 'in', 'in', 'in', 'in', 'is', 'is', 'is', 'is', 'is', 'is', 'of', 'of', 'of', 'of', 'that', 'that', 'on', 'on', 'we', 'we', 'am', 'all', 'for', 'have', 'have', 'have', 'have', 'so', 'this', 'this', 'this', 'with', 'what', 'just', 'now', 'can', 'come', 'there', 'there', 'go', 'go', 'go', 'go', 'up', 'one', 'one', 'one', 'one', 'they', 'they', 'out', 'out', 'was', 'was', 'if', 'got', 'from', 'want', 'let', 'would', 'as', 'as', 'at', 'at', 'life', 'back', 'by', 'by', 'by', 'by', 'here', 'here', 'here', 'could', 'could', 'eye', 'world', 'think', 'who', 'man', 'dream', 'find', 'over', 'littl', 'call', 'call', 'everi', 'were', 'were', 'wait', 'had', 'es', 'them', 'gone', 'someth', 'someth', 'thought', 'thought', 'peopl', 'break', 'und', 'und', 'sky', 'sky', 'sky', 'boy', 'free', 'far', 'open', 'line', 'becaus', 'street', 'war', 'war', 'war', 'war', 'set', 'das', 'money', 'els', 'citi', 'red', 'red', 'red', 'red', 'red', 'red', 'red', 'meet', 'pretti', 'power', 'til', 'summer', 'summer', 'somewher', 'worri', 'worri', 'bell', 'dawn', 'buy', 'alreadi', 'machin', 'dust', 'smell', 'sich', 'float', 'float', 'prove', 'messag', 'spring', 'bag', 'schon', 'flash', 'fat', 'hurri', 'dass', 'toy', 'shop', 'decis', 'match', 'macht', 'wer', 'smart', 'focus', 'kommt', 'prey', 'standin', 'mann', 'base', 'panic', 'presid', 'bug', 'einmal', 'gasolin', 'balloon', 'balloon', 'balloon', 'balloon', 'balloon', 'balloon', 'balloon', 'balloon', 'translat', 'eager']","You and I in a little toy shop
Buy a bag of balloons with the money we've got
Set them free at the break of dawn
'til one by one, they were gone
Back at base, bugs in the software
Flash the message, something's out there
Floating in the summer sky
99 red balloons go by.

99 red balloons floating in the summer sky
Panic bells, it's red alert
There's something here from somewhere else
The war machine springs to life
Opens up one eager eye
Focusing it on the sky
As 99 red balloons go by.

99 decision street, 99 ministers meet
To worry, worry, super-scurry
Call out the troops now in a hurry
This is what we've waited for
This is it boys, this is war

The president is on the line
As 99 red balloons go by.

99 kriegsminister
Streichholz und benzinkanister
Hielten sich fuer schlaue leute
Witterten schon fette beute
Riefen: krieg und wollten macht
Mann, wer haette das gedacht
Dass es einmal soweit kommt
Wegen 99 luftballons

99 dreams i have had
In every one a red balloon
It's all over and i'm standin' pretty
In the dust that was a city
If i could find a souvenier
Just to prove the world was here...
And here it is, a red balloon
I think of you and let it go."
Skinny Genes,Eliza Doolittle,Pop_Rock,1.26291798158,0.846830180724,"['i', 'i', 'i', 'i', 'i', 'i', 'i', 'i', 'i', 'i', 'i', 'i', 'i', 'i', 'i', 'i', 'i', 'i', 'i', 'i', 'i', 'i', 'i', 'i', 'i', 'i', 'i', 'i', 'i', 'the', 'the', 'the', 'the', 'the', 'the', 'the', 'the', 'the', 'the', 'the', 'you', 'you', 'you', 'you', 'you', 'you', 'you', 'you', 'you', 'you', 'you', 'you', 'you', 'you', 'you', 'you', 'you', 'you', 'you', 'you', 'you', 'you', 'you', 'you', 'you', 'you', 'you', 'you', 'you', 'you', 'you', 'you', 'you', 'you', 'you', 'you', 'you', 'you', 'you', 'to', 'to', 'to', 'to', 'to', 'to', 'to', 'and', 'and', 'and', 'and', 'and', 'and', 'and', 'and', 'and', 'and', 'a', 'a', 'a', 'a', 'a', 'a', 'me', 'me', 'me', 'me', 'me', 'me', 'me', 'me', 'me', 'me', 'me', 'me', 'me', 'me', 'me', 'it', 'it', 'it', 'it', 'it', 'it', 'it', 'it', 'it', 'it', 'it', 'it', 'it', 'it', 'it', 'not', 'not', 'not', 'not', 'not', 'not', 'not', 'in', 'in', 'in', 'in', 'my', 'my', 'is', 'of', 'of', 'of', 'of', 'of', 'of', 'of', 'your', 'your', 'your', 'your', 'your', 'your', 'your', 'your', 'your', 'that', 'that', 'that', 'that', 'that', 'that', 'that', 'that', 'that', 'do', 'do', 'do', 'do', 'do', 'do', 'do', 'do', 'on', 'on', 'on', 'are', 'we', 'am', 'am', 'am', 'am', 'will', 'will', 'for', 'have', 'have', 'have', 'have', 'have', 'so', 'so', 'know', 'this', 'but', 'but', 'with', 'with', 'with', 'with', 'what', 'what', 'what', 'what', 'just', 'when', 'when', 'when', 'when', 'when', 'when', 'when', 'when', 'when', 'when', 'when', 'when', 'when', 'when', 'when', 'when', 'like', 'like', 'like', 'like', 'like', 'like', 'like', 'can', 'can', 'can', 'can', 'up', 'up', 'up', 'up', 'up', 'up', 'up', 'up', 'up', 'one', 'out', 'out', 'out', 'got', 'got', 'never', 'make', 'make', 'make', 'way', 'take', 'take', 'would', 'would', 'would', 'away', 'night', 'night', 'night', 'need', 'need', 'caus', 'right', 'think', 'think', 'think', 'think', 'through', 'or', 'mind', 'mind', 'mind', 'mind', 'an', 'some', 'some', 'some', 'alway', 'alway', 'alway', 'were', 'were', 'were', 'were', 'were', 'were', 'were', 'were', 'were', 'leav', 'leav', 'leav', 'leav', 'leav', 'leav', 'walk', 'them', 'end', 'end', 'end', 'believ', 'believ', 'believ', 'believ', 'believ', 'believ', 'chang', 'off', 'off', 'show', 'show', 'show', 'show', 'made', 'made', 'made', 'realli', 'realli', 'realli', 'realli', 'pleas', 'pleas', 'pleas', 'bring', 'bring', 'bring', 'fight', 'fight', 'fight', 'smile', 'hate', 'hate', 'hate', 'miss', 'miss', 'miss', 'wind', 'wind', 'wind', 'wind', 'wind', 'wind', 'best', 'best', 'best', 'sometim', 'sometim', 'sometim', 'white', 'next', 'next', 'next', 'next', 'next', 'next', 'train', 'train', 'train', 'point', 'pretend', 'pretend', 'pretend', 'forgiv', 'view', 'middl', 'fake', 'fake', 'fake', 'satisfi', 'satisfi', 'underneath', 'jean', 'jean', 'excit', 'excit', 'excit', 'attitud', 'proper', 'skinni', 'skinni']","I really don't like your point of view
I know you'll never change.
Stingin' me with your attitude
I've got the mind to walk away

I really don't like your arrogance
Or your policies
Ninety-nine percent an embarrassment
But just one quality

I don't mind it when you
Brings out the best in me when you
Show your expertise

When the night always ends with a fight I'm excited
When you wind up next to me
I like it when you

Can I have some please of that
Satisfy my needs
Sometimes I fake that I hate you and make up
And you wind up next to me

I really don't like your skinny jeans
So take them off for me
Show me what you've got underneath
So we can do this properly

I really don't like the way you smile
When you think you're right
But I will forgive you, the yolk is in the middle

And I'm chewin' through the white
'Cause I don't mind it when you
Brings out the best in me when you

Show your expertise
When the night always ends with a fight I'm excited
When you wind up next to me
I like it when you

Can I have some please of that
Satisfy my needs
Sometimes I fake that I hate you and make up

And you wind up next to me
Pretend that you were on a train
You were leaving, you were leaving
It made me think of what I'd miss

And you believe it, you believe it
Pretend that you were on a train
You were leaving, you were leaving
It made me think of what I'd miss
And you believe it, you believe it
I don't mind it when you
Brings out the best in me when you
Show your expertise
When the night always ends with a fight I'm excited
When you wind up next to me
I like it when you
Can I have some please of that
Take off your skinny jeans
Sometimes I fake that I hate you and make up
And you wind up next to me
Pretend that you were on a train
You were leaving, you were leaving
It made me think of what I'd miss
And you believe it, you believe it"
Buy It In Bottles,Richard Ashcroft,Pop_Rock,-1.04019947199,-0.0658161931725,"['i', 'i', 'i', 'i', 'i', 'i', 'i', 'i', 'i', 'i', 'i', 'i', 'i', 'i', 'i', 'i', 'i', 'i', 'i', 'i', 'i', 'i', 'i', 'i', 'the', 'the', 'the', 'the', 'the', 'you', 'you', 'you', 'you', 'you', 'you', 'you', 'you', 'you', 'you', 'you', 'you', 'to', 'and', 'and', 'and', 'and', 'and', 'and', 'and', 'a', 'a', 'me', 'it', 'it', 'it', 'it', 'it', 'it', 'it', 'it', 'it', 'it', 'it', 'it', 'it', 'not', 'in', 'in', 'in', 'in', 'in', 'is', 'of', 'of', 'your', 'that', 'that', 'do', 'on', 'on', 'am', 'am', 'am', 'will', 'all', 'all', 'all', 'all', 'all', 'for', 'be', 'have', 'love', 'so', 'so', 'so', 'so', 'know', 'know', 'know', 'know', 'know', 'know', 'know', 'know', 'know', 'know', 'know', 'know', 'this', 'with', 'with', 'with', 'with', 'when', 'can', 'can', 'can', 'can', 'can', 'come', 'come', 'there', 'there', 'there', 'there', 'there', 'down', 'get', 'get', 'get', 'get', 'get', 'from', 'from', 'let', 'let', 'make', 'babi', 'life', 'here', 'here', 'look', 'where', 'where', 'thing', 'been', 'man', 'well', 'well', 'well', 'well', 'find', 'find', 'find', 'find', 'hand', 'then', 'then', 'then', 'then', 'then', 'noth', 'stay', 'chang', 'stand', 'peopl', 'pleas', 'lord', 'sound', 'may', 'may', 'may', 'may', 'until', 'until', 'until', 'until', 'until', 'round', 'em', 'learn', 'born', 'born', 'meet', 'veri', 'veri', 'veri', 'veri', 'cut', 'sens', 'cos', 'drown', 'buy', 'buy', 'buy', 'buy', 'natur', 'natur', 'age', 'prayer', 'prayer', 'stuck', 'loos', 'bottl', 'bottl', 'bottl', 'bottl', 'strike', 'slide', 'pill', 'pill', 'demand', 'foolish', 'depend', 'chord']","Baby, come on, come on down
And love please don't make a sound
Let nature strike a chord
'Cause nature is the Lord that I depend

When you learn to cut it loose
All the things that've been drowning you
Let 'em slide from your hands
The foolish demands from the people round you

I know you can buy it in bottles and
I know you may find it with prayer
I know it all so very well

Until I get there then
I'll be looking for the sense
You can meet me where I am
And here I stand, and here I stay

I know you can buy it in bottles and
I know you may find it with pills
I know it all so very well

Stuck in this life where nothing changes
I'm born of man, I'm born of ages

I know you can buy it in bottles and
I know you may find it with prayer
I know it all so very well

I know you can buy it in bottles and
I know you may find it with pills
I know it all so very well

Until I get there then
Until I get there then
Until I get there then
Until I get there then"
Leaning Against The Wall,Kings Of Convenience,Pop_Rock,-0.072380763222,-1.02148293487,"['i', 'i', 'i', 'i', 'i', 'i', 'i', 'i', 'i', 'i', 'i', 'the', 'the', 'the', 'the', 'the', 'you', 'you', 'you', 'you', 'you', 'you', 'you', 'you', 'to', 'to', 'to', 'to', 'and', 'and', 'a', 'a', 'a', 'a', 'me', 'me', 'not', 'not', 'not', 'not', 'not', 'my', 'my', 'your', 'your', 'your', 'your', 'that', 'that', 'do', 'do', 'do', 'do', 'on', 'are', 'are', 'are', 'are', 'am', 'will', 'will', 'all', 'all', 'no', 'no', 'have', 'have', 'know', 'know', 'this', 'this', 'never', 'never', 'could', 'could', 'need', 'need', 'eye', 'eye', 'thing', 'thing', 'tell', 'tell', 'tell', 'tell', 'through', 'through', 'mind', 'mind', 'fall', 'fall', 'run', 'run', 'lie', 'lie', 'word', 'word', 'thought', 'thought', 'thought', 'thought', 'should', 'should', 'cold', 'cold', 'arm', 'arm', 'listen', 'wall', 'wall', 'anymor', 'floor', 'cross', 'cross', 'which', 'which', 'against', 'against', 'thousand', 'thousand', 'thousand', 'thousand', 'known', 'known', 'lean', 'lean']","Your eyes are cold
I know you'll tell me all

Not to fall
I lean against the wall

I'm on the floor
Not listening anymore

I should have known
The things to which you're prone
(You cross your arms
And tell no lies
A thousand thoughts run
Through my mind
A thousand words that I don't need
I never thought you could do this)

I should have known
The things to which you're prone
(You cross your arms
And tell no lies
A thousand thoughts run
Through my mind
A thousand words that I don't need
I never thought you could do this)

Your eyes are cold
I know you'll tell me all
Not to fall
I lean against the wall"
Dream Catch Me,Newton Faulkner,Pop_Rock,-0.00688927165131,0.0417347263133,"['i', 'i', 'i', 'i', 'i', 'i', 'i', 'i', 'i', 'i', 'i', 'i', 'i', 'i', 'i', 'i', 'i', 'i', 'i', 'i', 'i', 'i', 'i', 'i', 'i', 'i', 'i', 'i', 'i', 'i', 'i', 'i', 'i', 'i', 'i', 'i', 'i', 'i', 'i', 'i', 'i', 'i', 'i', 'i', 'i', 'the', 'the', 'the', 'you', 'you', 'you', 'you', 'you', 'you', 'you', 'you', 'you', 'and', 'and', 'and', 'and', 'and', 'and', 'and', 'and', 'a', 'a', 'a', 'a', 'a', 'a', 'a', 'me', 'me', 'me', 'me', 'me', 'me', 'it', 'it', 'it', 'it', 'it', 'it', 'it', 'it', 'it', 'not', 'not', 'not', 'not', 'not', 'not', 'not', 'in', 'my', 'is', 'is', 'is', 'is', 'is', 'of', 'your', 'that', 'that', 'that', 'that', 'do', 'do', 'do', 'do', 'do', 'do', 'are', 'are', 'are', 'am', 'am', 'am', 'am', 'am', 'am', 'am', 'am', 'am', 'am', 'am', 'am', 'am', 'am', 'all', 'all', 'all', 'be', 'be', 'be', 'be', 'be', 'be', 'be', 'be', 'so', 'know', 'know', 'know', 'know', 'know', 'this', 'this', 'this', 'but', 'but', 'but', 'but', 'just', 'when', 'when', 'when', 'when', 'when', 'when', 'when', 'now', 'now', 'now', 'now', 'time', 'come', 'come', 'come', 'there', 'there', 'there', 'there', 'go', 'go', 'go', 'go', 'go', 'go', 'go', 'see', 'see', 'see', 'see', 'see', 'see', 'want', 'want', 'want', 'want', 'let', 'let', 'let', 'as', 'as', 'as', 'as', 'as', 'as', 'as', 'at', 'at', 'at', 'back', 'back', 'back', 'where', 'where', 'where', 'where', 'where', 'where', 'eye', 'who', 'who', 'or', 'or', 'or', 'dream', 'dream', 'dream', 'dream', 'dream', 'dream', 'wo', 'wo', 'wo', 'wo', 'wo', 'wo', 'us', 'us', 'us', 'us', 'wanna', 'wanna', 'wanna', 'wanna', 'fall', 'fall', 'fall', 'everi', 'hold', 'hold', 'hold', 'believ', 'believ', 'believ', 'believ', 'alon', 'alon', 'alon', 'alon', 'place', 'place', 'place', 'place', 'much', 'god', 'soul', 'sun', 'true', 'close', 'close', 'close', 'close', 'sound', 'set', 'els', 'els', 'els', 'anyth', 'anyth', 'anyth', 'anyth', 'cannot', 'cannot', 'cannot', 'cannot', 'goin', 'goin', 'goin', 'goin', 'goin', 'goin', 'catch', 'catch', 'catch', 'catch', 'catch', 'catch', 'mountain', 'anyon', 'anyon', 'anyon', 'anyon', 'silent', 'yea', 'yea', 'yea', 'yea', 'yea', 'yea', 'yea', 'yea', 'yea', 'none', 'fallin', 'fallin', 'fallin', 'fallin', 'fountain']","Every time
I close my eyes
It's you
And I know now
Who I am
Yea yea yea
And I know now

There's a place I go
When I'm alone
Do anything I want
Be anyone I wanna be
But it is us I see
And I cannot believe I'm fallin
That's where I'm goin
Where are you goin
Hold it close won't let this go

Dream catch me, yea
Dream catch me when I fall
Or else I won't come back at all

You do so much
That you don't know
It's true
And I know now
Who I am
Yea yea yea
And I know now

There's a place I go
When I'm alone
Do anything I want
Be anyone I wanna be
But it is us I see
And I cannot believe I'm fallin
That's where I'm goin
Where are you goin
Hold it close won't let this go

Dream catch me, yea
Dream catch me when I fall
Or else I won't come back at all

See you as a mountain
A fountain of God
See you as as a descant soul
In the setting sun
You as the sound
As the silent as none
I'm yours

There's a place I go
When I'm alone
Do anything I want
Be anyone I wanna be
But it is us I see
And I cannot believe I'm fallin

There's a place I go
When I'm alone
Do anything I want
Be anyone I wanna be
But it is us I see
And I cannot believe I'm fallin
That's where I'm goin
Where are you goin
Hold it close won't let this go

Dream catch me, yea
Dream catch me when I fall
Or else I won't come back at all"
Roman Candle,Elliott Smith,Pop_Rock,-0.641792898265,-0.576298950289,"['i', 'i', 'i', 'i', 'i', 'i', 'i', 'i', 'i', 'i', 'i', 'i', 'you', 'you', 'to', 'to', 'to', 'to', 'to', 'and', 'and', 'a', 'a', 'me', 'me', 'not', 'my', 'my', 'is', 'is', 'of', 'of', 'your', 'are', 'we', 'am', 'am', 'am', 'be', 'this', 'with', 'up', 'he', 'he', 'feel', 'want', 'want', 'want', 'make', 'would', 'could', 'need', 'give', 'give', 'give', 'give', 'wanna', 'wanna', 'wanna', 'wanna', 'wanna', 'fall', 'did', 'hear', 'head', 'head', 'cri', 'him', 'him', 'him', 'him', 'him', 'him', 'him', 'him', 'him', 'him', 'burn', 'play', 'pain', 'pain', 'pain', 'put', 'tear', 'hell', 'hurt', 'hurt', 'hurt', 'hurt', 'hurt', 'knew', 'anyth', 'red', 'full', 'full', 'pretti', 'hot', 'cool', 'flame', 'flame', 'cruel', 'asleep', 'wet', 'candl', 'candl', 'cheap', 'cheek', 'himself']","he played himself
didn't need me to give him help
he could be cool, cruel to you and me
knew we'd put up with anything
I wanna hurt him
I wanna give him pain
I'm a Roman candle
my head is full of flames
I'm hallucinating, hallucinating
I hear you cry
your tears, cheap
wet hot red swollen cheeks

fall asleep
I wanna hurt him
I wanna give him pain
I'm a Roman candle
my head is full of flames
I wanna hurt him
I wanna hurt him
I wanna hurt him
I wanna give him pain

he can feel this pretty burn"
On My Way Back Home,Band Of Horses,Pop_Rock,0.37332522108,-0.923150665621,"['i', 'i', 'i', 'i', 'i', 'i', 'i', 'i', 'i', 'the', 'the', 'the', 'the', 'to', 'to', 'to', 'to', 'and', 'and', 'and', 'a', 'a', 'a', 'me', 'it', 'it', 'in', 'in', 'in', 'in', 'my', 'my', 'my', 'my', 'my', 'my', 'my', 'of', 'of', 'of', 'of', 'that', 'on', 'on', 'on', 'on', 'am', 'will', 'will', 'all', 'have', 'know', 'this', 'but', 'just', 'now', 'time', 'time', 'come', 'come', 'one', 'out', 'was', 'was', 'if', 'got', 'way', 'way', 'way', 'way', 'way', 'would', 'would', 'would', 'day', 'away', 'life', 'back', 'back', 'back', 'back', 'here', 'could', 'where', 'more', 'caus', 'think', 'onli', 'mind', 'then', 'everi', 'wait', 'home', 'home', 'home', 'home', 'gone', 'word', 'stay', 'off', 'thought', 'start', 'song', 'song', 'wrong', 'wrong', 'death', 'came', 'chanc', 'step', 'memori', 'form', 'wander', 'unknown', 'favorit', 'piss', 'often', 'victori', 'cheat']","On my way back home
A chance I thought of
All my favorite songs
And where I'd gone wrong

The only words that I could think of
I'm pissing my life away in the form of song
On my way back home

A victory it was
I was cheating death
And just in time I woke

My memory would start to wander off
And come to me
The remembrance of on my way back home

I came in this way
In here now I'll stay
If the unknown will have to wait one more day

Cause often times then it comes out wrong
But luckily, I got a mind to know
On my way back home"
Feathers and Down,The Cardigans,Pop_Rock,-0.101488092807,-0.758531911312,"['i', 'i', 'i', 'i', 'i', 'i', 'the', 'the', 'the', 'the', 'the', 'the', 'you', 'you', 'you', 'you', 'you', 'you', 'you', 'you', 'you', 'you', 'you', 'to', 'to', 'to', 'to', 'to', 'to', 'and', 'and', 'and', 'and', 'and', 'and', 'and', 'and', 'and', 'a', 'a', 'me', 'me', 'it', 'it', 'it', 'not', 'not', 'in', 'in', 'my', 'is', 'is', 'is', 'of', 'of', 'of', 'of', 'of', 'your', 'your', 'your', 'your', 'your', 'your', 'that', 'that', 'that', 'that', 'that', 'that', 'that', 'do', 'do', 'do', 'are', 'are', 'will', 'be', 'be', 'have', 'so', 'so', 'so', 'so', 'with', 'what', 'just', 'now', 'can', 'can', 'come', 'come', 'up', 'oh', 'oh', 'they', 'down', 'down', 'get', 'was', 'if', 'got', 'let', 'let', 'would', 'babi', 'babi', 'life', 'heart', 'could', 'could', 'world', 'tell', 'think', 'think', 'live', 'onli', 'onli', 'tri', 'over', 'littl', 'turn', 'turn', 'were', 'did', 'leav', 'alon', 'alon', 'friend', 'thought', 'lost', 'old', 'without', 'talk', 'sleep', 'mean', 'wish', 'wish', 'rock', 'bad', 'hide', 'arm', 'sea', 'wake', 'aliv', 'wast', 'rest', 'sad', 'drown', 'drown', 'drown', 'drown', 'sorrow', 'sorrow', 'heavi', 'later', 'stain', 'gray', 'doom', 'bruis', 'feather', 'feather', 'thick', 'blanket', 'blanket', 'blanket', 'blanket', 'liquid', 'woe', 'woe', 'sober']","So you trying to do what they did
Your friends that turn to liquid
And got lost in the sea
And now you're drowning me
With your talk of four leaf clovers
You turn to rocks and omen
To beat the ambient harm
But it's bruising your karma

Oh I wish my arms were wider
I wish that I could hide you
So you can rest and repair
Without the blanket of sorrow
The thick and the grey
Your blanket of woe
So heavy and stained
And it only weighs you down

So you thought that getting sober
Would mean your life was over
I don't think it's that bad
I don't think it's that sad
Just you sleep a little baby
Leave the world alone and later
If you wake up alive
That old blanket of sorrow
Could be feathers and down
Your blanket of woe
Would leave you alone
And I can love you till you drown

Come to me let's drown
Come baby let's drown
In feathers and down"
Stolen Moments,Alicia Keys,RnB,0.722613176124,-0.0381602424484,"['i', 'i', 'i', 'i', 'i', 'i', 'i', 'the', 'the', 'the', 'the', 'the', 'you', 'you', 'you', 'you', 'you', 'you', 'you', 'you', 'you', 'you', 'you', 'you', 'you', 'you', 'you', 'you', 'you', 'you', 'to', 'to', 'to', 'to', 'to', 'and', 'and', 'and', 'and', 'and', 'and', 'and', 'and', 'and', 'and', 'a', 'a', 'a', 'a', 'a', 'a', 'me', 'me', 'it', 'it', 'not', 'not', 'in', 'in', 'my', 'my', 'is', 'of', 'do', 'are', 'we', 'we', 'we', 'we', 'we', 'we', 'for', 'be', 'be', 'have', 'have', 'love', 'so', 'so', 'this', 'this', 'but', 'but', 'with', 'with', 'with', 'with', 'with', 'what', 'what', 'just', 'just', 'just', 'just', 'just', 'when', 'when', 'when', 'when', 'when', 'like', 'time', 'time', 'time', 'can', 'can', 'can', 'can', 'can', 'can', 'up', 'out', 'get', 'get', 'get', 'get', 'get', 'get', 'get', 'get', 'was', 'was', 'was', 'let', 'let', 'let', 'let', 'let', 'way', 'say', 'say', 'take', 'take', 'take', 'would', 'would', 'would', 'day', 'day', 'day', 'away', 'away', 'away', 'away', 'away', 'away', 'away', 'away', 'by', 'how', 'could', 'night', 'night', 'our', 'our', 'where', 'world', 'right', 'man', 'onli', 'or', 'keep', 'keep', 'keep', 'dream', 'dream', 'dream', 'dream', 'dream', 'dream', 'dream', 'dream', 'dream', 'dream', 'mind', 'long', 'girl', 'around', 'about', 'about', 'about', 'about', 'about', 'about', 'about', 'about', 'about', 'about', 'noth', 'noth', 'did', 'wait', 'leav', 'walk', 'ever', 'lie', 'alon', 'someth', 'place', 'anoth', 'chorus', 'chorus', 'chorus', 'even', 'seem', 'mine', 'rememb', 'real', 'side', 'ooh', 'behind', 'hide', 'lone', 'matter', 'els', 'each', 'young', 'such', 'final', 'im', 'im', 'im', 'im', 'im', 'moment', 'plan', 'plan', '2', '2', 'million', 'dont', 'spend', 'everyday', 'vers', 'escap', 'exist', 'lovin', 'simpl', 'simpl', 'age', 'rather', 'realiti', 'crime', 'instead', 'oooh', 'destini', 'divin', 'divin', 'thinkin', 'noon', 'began', 'flight', 'piano', 'piano', 'ohhh', 'ohhh', 'ohhh', 'ohhh', 'ohhh', 'ohhh', 'drawn', 'dreamin', 'defin', 'stolen', 'thief', 'breakdown', 'breakdown', 'sneak']","Remembering the days when our love began
Thinking of a million ways to escape and be with you
But reality wasn't just you and I
It was long drawn out days and lonely nights

Dreaming 'bout you, I keep dreaming 'bout you
And I'm dreaming 'bout when you would say

Let me take you to another place
Where nothing ever seems to matter
It's just you and me
We could take flight like a thief in the night
Stolen Moments with you

But destiny didn't have such a simple plan
I was just a girl and you were a man
How could age define something so divine
Can this even be real or just exist in my mind

Dreaming 'bout you, I keep dreaming 'bout you
And I'm dreaming 'bout when you would say

Let me take you to another place
Where nothing ever seems to matter
It's just you and me
We could take flight like a thief in the night
Stolen Moments with you

Dreaming 'bout you, I keep dreaming 'bout you
And I'm dreaming and praying for the day
When no one and nothing else takes up our time
Finally you're only mine
Each and every day I'd walk with you right by my side
But instead we have to hide
Sneak around at light
Just to spend to time alone
If loving is a crime, I'd rather do the time
And leave the world behind

Let me take you to another place
Where nothing ever seems to matter
It's just you and me
We could take flight like a thief in the night
Stolen Moments with you"
Guest List,Eels,Pop_Rock,-1.00017689381,-0.551331772555,"['i', 'i', 'i', 'i', 'i', 'i', 'i', 'i', 'i', 'i', 'i', 'i', 'i', 'i', 'i', 'the', 'the', 'the', 'the', 'the', 'the', 'you', 'you', 'you', 'you', 'you', 'to', 'to', 'to', 'to', 'to', 'to', 'to', 'and', 'it', 'it', 'not', 'my', 'my', 'my', 'is', 'of', 'of', 'of', 'of', 'your', 'your', 'your', 'your', 'that', 'on', 'on', 'on', 'on', 'on', 'on', 'are', 'are', 'are', 'am', 'am', 'am', 'am', 'am', 'am', 'am', 'am', 'be', 'be', 'be', 'know', 'know', 'know', 'know', 'know', 'but', 'but', 'with', 'what', 'what', 'like', 'like', 'like', 'one', 'one', 'if', 'if', 'never', 'never', 'never', 'never', 'feel', 'feel', 'feel', 'want', 'want', 'night', 'need', 'need', 'need', 'need', 'gonna', 'right', 'who', 'who', 'find', 'find', 'everi', 'had', 'hey', 'god', 'peopl', 'peopl', 'peopl', 'made', 'care', 'care', 'wrong', 'name', 'own', 'someon', 'someon', 'mean', 'mean', 'wish', 'miss', 'beauti', 'beauti', 'beauti', 'sometim', 'reach', 'everyon', 'everyon', 'everyon', 'everyon', 'somebodi', 'somebodi', 'dont', 'dont', 'track', 'crack', 'cloth', 'list', 'list', 'list', 'list', 'list', 'coz', 'coz']","Are you one of the beautiful people?
Is my name on the list?
Wanna be of the beautiful people
Wanna feel like I'm missed

Hey you with the walkie talkie
I know my clothes are not right
I wish I had my own walkie talkie
That reached to god every night

Everyone needs to be somebody
Everyone needs to find someone who cares
But I don't know if you know what I mean
'Cause I'm never on your list

Are you one of the beautiful people?
Am I on the wrong track?
Sometimes it feels like I'm made of eggshell
And it feels like I'm gonna crack

Everyone needs to be somebody
Everyone needs to find someone who cares
But I don't know if you know what I mean
'Cause I'm never on your list

I'm never on your list
I'm never on your list"
Precious,Depeche Mode,Pop_Rock,-0.793514853737,-0.202252216745,"['i', 'i', 'i', 'i', 'i', 'i', 'i', 'the', 'the', 'the', 'you', 'you', 'you', 'you', 'to', 'to', 'to', 'to', 'to', 'to', 'and', 'and', 'a', 'it', 'not', 'in', 'in', 'my', 'is', 'is', 'of', 'of', 'your', 'your', 'that', 'we', 'we', 'we', 'we', 'we', 'we', 'for', 'for', 'have', 'have', 'have', 'so', 'so', 'so', 'so', 'so', 'so', 'know', 'but', 'but', 'but', 'with', 'what', 'what', 'now', 'there', 'there', 'there', 'get', 'get', 'get', 'get', 'get', 'get', 'was', 'was', 'was', 'see', 'if', 'he', 'he', 'take', 'would', 'would', 'would', 'heart', 'could', 'need', 'look', 'eye', 'thing', 'thing', 'thing', 'thing', 'thing', 'thing', 'thing', 'through', 'through', 'give', 'give', 'give', 'onli', 'tri', 'keep', 'us', 'us', 'us', 'us', 'littl', 'littl', 'littl', 'alway', 'has', 'word', 'word', 'word', 'god', 'god', 'left', 'left', 'left', 'left', 'left', 'left', 'left', 'left', 'left', 'play', 'thought', 'thought', 'thought', 'should', 'care', 'hope', 'pain', 'put', 'wish', 'two', 'done', 'understand', 'broken', 'broken', 'broken', 'angel', 'angel', 'learn', 'room', 'pray', 'faith', 'trust', 'plan', 'both', 'share', 'wing', 'suffer', 'silver', 'master', 'special', 'precious', 'precious', 'handl', 'damag', 'damag', 'damag', 'fragil', 'manag', 'manag', 'manag', 'unspoken', 'unspoken', 'unspoken']","Precious and fragile things
Need special handling
My God what have we done to you?

We always tried to share
The tenderest of care
Now look what we have put you through

Things get damaged
Things get broken
I thought we'd manage, but words left unspoken
Left us so brittle
There was so little left to give

Angels with silver wings
Shouldn't know suffering
I wish I could take the pain for you

If God has a master plan
That only He understands
I hope it's your eyes He's seeing through

Things get damaged, things get broken
I thought we'd manage, but words left unspoken
Left us so brittle
There was so little left to give

I pray you learn to trust
Have faith in both of us
And keep room in your hearts for two
Things get damaged, things get broken
I thought we'd manage, but words left unspoken
Left us so brittle
There was so little left to give"
Love Comes Tumbling,U2,Pop_Rock,1.07190113117,0.846830180724,"['i', 'i', 'i', 'i', 'i', 'i', 'the', 'the', 'you', 'you', 'you', 'you', 'you', 'you', 'you', 'you', 'you', 'to', 'to', 'to', 'to', 'to', 'to', 'and', 'and', 'a', 'a', 'a', 'me', 'not', 'not', 'not', 'not', 'not', 'in', 'in', 'is', 'your', 'your', 'that', 'that', 'that', 'that', 'do', 'do', 'do', 'are', 'are', 'are', 'are', 'all', 'all', 'all', 'all', 'for', 'love', 'love', 'love', 'so', 'so', 'can', 'come', 'up', 'down', 'way', 'way', 'way', 'way', 'say', 'say', 'ca', 'ca', 'need', 'need', 'where', 'where', 'where', 'where', 'again', 'again', 'find', 'find', 'find', 'find', 'find', 'stay', 'stay', 'own', 'own', 'someon', 'yourself', 'yourself', 'hide', 'forget', 'forget', 'road', 'road', 'road', 'road', 'els', 'lead', 'lead', 'lead', 'lead', 'bed', 'lift', 'seed', 'spill', 'tumbl', 'virgin', 'bride']","Love don't need to find a way
You'll find your own way.
I forget that I can't stay
And so I say that all roads lead to where you are.
All roads lead to where you are.

The seed is split, the bed defiled
For you a virgin bride
Find yourself in someone else
Don't find yourself in me
I can't lift you up again
Love comes tumbling down again.

Love don't need to find a way
You'll find your own way
I forget that you can't stay
But I know that
And so I say that all roads lead to where you are.
All roads lead to where you are
All roads lead to where you are."
Dagger,Slowdive,Pop_Rock,-1.04019947199,-0.0658161931725,"['i', 'i', 'i', 'i', 'i', 'i', 'i', 'i', 'i', 'i', 'i', 'i', 'i', 'i', 'i', 'i', 'i', 'i', 'i', 'the', 'the', 'the', 'the', 'the', 'the', 'the', 'the', 'the', 'the', 'you', 'you', 'you', 'you', 'you', 'you', 'you', 'you', 'you', 'you', 'to', 'to', 'to', 'and', 'and', 'and', 'a', 'a', 'me', 'me', 'me', 'it', 'it', 'it', 'it', 'it', 'it', 'it', 'not', 'is', 'is', 'is', 'is', 'of', 'of', 'of', 'your', 'your', 'your', 'your', 'your', 'am', 'am', 'am', 'am', 'am', 'am', 'all', 'all', 'all', 'all', 'all', 'all', 'for', 'love', 'know', 'know', 'know', 'this', 'just', 'when', 'time', 'time', 'time', 'time', 'time', 'time', 'time', 'she', 'she', 'feel', 'yeah', 'yeah', 'by', 'her', 'her', 'world', 'world', 'world', 'or', 'dream', 'girl', 'fall', 'did', 'hear', 'hear', 'alon', 'thought', 'thought', 'thought', 'thought', 'lost', 'realli', 'pain', 'own', 'sleep', 'sleep', 'while', 'while', 'smile', 'lose', 'listen', 'heard', 'heard', 'heard', 'heard', 'happen', 'happen', 'happen', 'happen', 'full', 'full', 'lyric', 'whisper', 'whisper', 'whisper', 'whisper', 'whisper', 'write', 'dir', 'number', 'whatev', 'sunshin', 'wound', 'nois', 'nois', 'unit', 'numb', 'underground', 'correct', 'file', 'cd']","The sunshine girl is sleeping
She falls and dreams alone
And me I am her dagger
Too numb to feel her pain

The world is full of noise yeah
I hear it all the time
And me I am your dagger
You know I am your world

I thought I heard you whisper
It happens all the time
I thought I heard you whisper
It happens all the time

She whispers while I'm sleeping
I love you when you smile
I didn't really lose you
I just lost it for a while

The world is full of noise yeah
I hear it all the time
You know I am your dagger
You know I am your wound
I thought I heard you whisper
It happens all the time
I thought I heard you whisper
It happens all the time"
One Day,The Verve,Pop_Rock,-0.333437125453,-0.494483429397,"['i', 'i', 'the', 'the', 'the', 'the', 'the', 'the', 'the', 'the', 'the', 'the', 'the', 'the', 'the', 'the', 'the', 'the', 'the', 'the', 'you', 'you', 'you', 'you', 'you', 'you', 'you', 'you', 'you', 'you', 'you', 'you', 'you', 'you', 'you', 'you', 'you', 'you', 'you', 'you', 'to', 'to', 'to', 'to', 'to', 'to', 'to', 'to', 'and', 'and', 'and', 'and', 'and', 'and', 'a', 'it', 'it', 'not', 'not', 'not', 'not', 'not', 'not', 'not', 'in', 'in', 'in', 'in', 'in', 'in', 'my', 'my', 'my', 'my', 'my', 'my', 'my', 'my', 'my', 'your', 'your', 'that', 'do', 'do', 'are', 'are', 'we', 'we', 'we', 'we', 'will', 'will', 'will', 'will', 'will', 'will', 'will', 'will', 'will', 'will', 'will', 'will', 'will', 'will', 'will', 'will', 'no', 'no', 'have', 'have', 'have', 'love', 'love', 'love', 'love', 'love', 'love', 'know', 'this', 'this', 'this', 'this', 'this', 'with', 'with', 'just', 'like', 'like', 'time', 'time', 'can', 'up', 'up', 'up', 'oh', 'oh', 'oh', 'one', 'one', 'one', 'one', 'one', 'one', 'one', 'one', 'one', 'one', 'see', 'never', 'want', 'want', 'make', 'ca', 'ca', 'ca', 'ca', 'ca', 'day', 'day', 'day', 'day', 'day', 'day', 'day', 'day', 'day', 'day', 'life', 'life', 'life', 'life', 'life', 'yeah', 'yeah', 'yeah', 'die', 'been', 'again', 'again', 'again', 'again', 'again', 'again', 'again', 'again', 'again', 'too', 'too', 'too', 'mind', 'mind', 'find', 'find', 'end', 'end', 'end', 'end', 'end', 'hear', 'hear', 'hear', 'hear', 'hear', 'cri', 'much', 'friend', 'friend', 'friend', 'friend', 'friend', 'sky', 'gotta', 'gotta', 'danc', 'danc', 'danc', 'mine', 'high', 'high', 'mayb', 'mayb', 'mayb', 'mayb', 'mayb', 'mayb', 'mayb', 'mayb', 'mayb', 'mayb', 'touch', 'touch', 'yourself', 'yourself', 'yourself', 'yourself', 'yourself', 'beauti', 'beauti', 'beauti', 'beauti', 'beauti', 'lone', 'sea', 'under', 'road', 'road', 'land', 'easi', 'child', 'skin', 'afraid', 'afraid', 'babe', 'storm', 'storm', 'storm', 'storm', 'storm', 'sand', 'tie', 'tie', 'tie', 'tie', 'tie', 'anybodi', 'compani', 'breakin', 'breakin', 'breakin']","One day maybe we will dance again
Under fiery skies
One day maybe you will love again
Love that never dies

One day maybe you will see the land
Touch skin with sand
You've been swimming in the lonely sea
With no company

Oh, don't you want to find?
Can't you hear there's beauty in life?
The roads, the highs, breaking up your mind
Can't you hear there's beauty in life?

One day maybe you will cry again
Just like a child
You've gotta tie yourself to the mast my friend
And the storm will end

Oh, don't you wanna find?
Can't you hear there's beauty in life?
The times, the highs, breaking up your mind
Can't you hear there's beauty in life?

Oh, you're too afraid to touch
Too afraid you'll like it too much
The roads, the times, breaking up your mind
Can't you hear there's beauty in life?

One day maybe I will dance again (one day)
One day maybe I will love again (one day)
One day maybe we will dance again
You know you've gotta
Tie yourself to the mast my friend (one day maybe we will love again)
And the storm will end
One day maybe you will love again
You've gotta tie yourself to the mast my friend
(One day maybe we will love again)
And the storm will end
Make it easy on you
Tie yourself to the mast my friend
And the storm will end"
No More War,Bronski Beat,Pop_Rock,-1.05657234488,0.736206377828,"['the', 'the', 'to', 'to', 'to', 'to', 'to', 'to', 'to', 'and', 'it', 'it', 'in', 'is', 'is', 'of', 'do', 'do', 'do', 'do', 'do', 'on', 'on', 'we', 'for', 'for', 'no', 'no', 'no', 'no', 'no', 'no', 'no', 'no', 'no', 'no', 'no', 'no', 'no', 'no', 'no', 'no', 'no', 'no', 'no', 'no', 'no', 'no', 'when', 'they', 'got', 'got', 'want', 'want', 'want', 'make', 'as', 'life', 'our', 'our', 'more', 'more', 'more', 'more', 'more', 'more', 'more', 'more', 'more', 'more', 'more', 'more', 'more', 'more', 'more', 'more', 'die', 'die', 'die', 'die', 'die', 'die', 'die', 'die', 'die', 'right', 'who', 'who', 'who', 'live', 'live', 'or', 'or', 'or', 'or', 'or', 'stop', 'stop', 'peopl', 'pleas', 'pleas', 'pleas', 'pleas', 'fight', 'fear', 'ooh', 'street', 'war', 'war', 'war', 'war', 'war', 'war', 'war', 'war', 'war', 'war', 'money', 'young', 'men', 'knee', 'send', 'glori', 'pride', 'poor', 'innoc', 'bomb', 'bend', 'hungri', 'destruct', 'fals', 'fals', 'hmm', 'hmm', 'hmm', 'hmm']","No more war please
No more destruction of innocent life
No more living in fear
No more on our bended knees
To live is our right

No more war
No more war please
It's got to stop oh we've got to make it stop

No more money for bombs
When the poor people hungry on the street
No more sending young men to fight
As they die for false glory and false pride (do or die)

No more war please
Who wants to die
No more war please
Who wants to die
No more war no more war no more

Who wants to die who wants to die"
Before You Cry,Camera Obscura,Pop_Rock,0.960019833067,0.597926624207,"['i', 'i', 'i', 'i', 'i', 'i', 'i', 'you', 'you', 'you', 'you', 'you', 'you', 'you', 'you', 'you', 'you', 'to', 'to', 'to', 'a', 'a', 'me', 'me', 'me', 'not', 'not', 'is', 'do', 'are', 'will', 'will', 'for', 'for', 'no', 'no', 'no', 'no', 'be', 'love', 'love', 'love', 'this', 'but', 'when', 'time', 'come', 'go', 'go', 'get', 'got', 'feel', 'make', 'ca', 'babi', 'back', 'more', 'think', 'littl', 'littl', 'turn', 'said', 'hear', 'cri', 'cri', 'cri', 'befor', 'befor', 'stand', 'tonight', 'lost', 'pleas', 'hope', 'mine', 'while', 'high', 'wish', 'smile', 'hate', 'alright', 'goodby', 'room', 'sad', 'next', 'slow', 'push', 'sens', 'style', 'speed', 'becam', 'shove']","No sense no style
I said I loved you for a little while
When you cried no
High speed became go slow
Come back this time
Wishful thinking is going to make you mine
Push turns to shove
I got no more room for love

I hope you hear me
I can't stand you next to me
Get lost goodbye
I'll smile before you cry
I love you baby
Please don't hate me
You're feeling a little sad tonight but you'll be alright"
